{
    "images": ["./images/fireenter1.png"],
    "frames": [
        [0, 0, 600, 600],
        [600, 0, 600, 600],
        [1200, 0, 600, 600],
        [1800, 0, 600, 600],
        [2400, 0, 600, 600],
        [3000, 0, 600, 600],
        [3600, 0, 600, 600],

        [0, 600, 600, 600],
        [600, 600, 600, 600],
        [1200, 600, 600, 600],
        [1800, 600, 600, 600],
        [2400, 600, 600, 600],
        [3000, 600, 600, 600],
        [3600, 600, 600, 600],

        [0, 1200, 600, 600],
        [600, 1200, 600, 600],
        [1200, 1200, 600, 600],
        [1800, 1200, 600, 600],
        [2400, 1200, 600, 600],
        [3000, 1200, 600, 600],
        [3600, 1200, 600, 600],

        [0, 1800, 600, 600],
        [600, 1800, 600, 600],
        [1200, 1800, 600, 600],
        [1800, 1800, 600, 600],
        [2400, 1800, 600, 600],
        [3000, 1800, 600, 600],
        [3600, 1800, 600, 600]
    ],
    "animations": {
        "fireenter-01":[0], 
        "fireenter-02":[1], 
        "fireenter-03":[2], 
        "fireenter-04":[3], 
        "fireenter-05":[4], 
        "fireenter-06":[5], 
        "fireenter-07":[6], 
        "fireenter-08":[7], 
        "fireenter-09":[8], 
        "fireenter-10":[9], 
        "fireenter-11":[10], 
        "fireenter-12":[11], 
        "fireenter-13":[12], 
        "fireenter-14":[13], 
        "fireenter-15":[14], 
        "fireenter-16":[15], 
        "fireenter-17":[16], 
        "fireenter-18":[17], 
        "fireenter-19":[18], 
        "fireenter-20":[19], 
        "fireenter-21":[20], 
        "fireenter-22":[21], 
        "fireenter-23":[22], 
        "fireenter-24":[23], 
        "fireenter-25":[24], 
        "fireenter-26":[25], 
        "fireenter-27":[26], 
        "fireenter":[0, 26, false, 0.5]
    }
}
