{
    "images": ["./images/fireworks1.png"],
    "frames": [
        [0, 0, 375, 667],
        [375, 0, 375, 667],
        [750, 0, 375, 667],
        [1125, 0, 375, 667],
        [1500, 0, 375, 667],
        [1875, 0, 375, 667],
        [0, 667, 375, 667],
        [375, 667, 375, 667],
        [750, 667, 375, 667],
        [1125, 667, 375, 667],
        [1500, 667, 375, 667],
        [1875, 667, 375, 667],
        [0, 1334, 375, 667],
        [375, 1334, 375, 667],
        [750, 1334, 375, 667],
        [1125, 1334, 375, 667],
        [1500, 1334, 375, 667],
        [1875, 1334, 375, 667],
        [0, 2001, 375, 667],
        [375, 2001, 375, 667],
        [750, 2001, 375, 667],
        [1125, 2001, 375, 667],
        [1500, 2001, 375, 667],
        [1875, 2001, 375, 667]
    ],
    "animations": {
        "firework-01":[0], 
        "firework-02":[1], 
        "firework-03":[2], 
        "firework-04":[3], 
        "firework-05":[4], 
        "firework-06":[5], 
        "firework-07":[6], 
        "firework-08":[7], 
        "firework-09":[8], 
        "firework-10":[9], 
        "firework-11":[10], 
        "firework-12":[11], 
        "firework-13":[12], 
        "firework-14":[13], 
        "firework-15":[14], 
        "firework-16":[15], 
        "firework-17":[16], 
        "firework-18":[17], 
        "firework-19":[18], 
        "firework-20":[19], 
        "firework-21":[20], 
        "firework-22":[21], 
        "firework-23":[22], 
        "firework-24":[23], 
        "fireworks":[0, 23, true, 0.5]
    },
    "framerate":30
}
